Convo_ID ,Opening Query,GPT Answer ,Checked for accuracy ,Comments 
DP-1,Is inferred data from AI models subject to GDPR?,"Answer:
Yes. The European Data Protection Board (EDPB) has clarified that inferred data (e.g. psychographic profiling) is personal data if it can be linked to an individual. It is thus protected under GDPR and subject to rights like access and correction.
Regulation: GDPR Recitals 30, 71
Case Law: EDPB Guidelines on Automated Decision-Making
Tags: Profiling, Inferred Data",Yes ,"Inferred data is data derived from other data points through AI processing, can be considered personal data if it relates to an indentifiable person. The GDPR's applicability to inferred data hinges on whether it can be traced back to an identifibale person. If it can, the GDPR applies and processing of this data must comply. "
DP-2,Are AI-generated decisions considered “automated decision-making” under GDPR?,"Yes, if the decision is solely automated and has legal or similarly significant effects on a person (e.g. credit scoring, hiring). Consent or a contractual/legal basis is required, and individuals have a right to human intervention.
Regulation: GDPR Art. 22
Tags: Automated Decisions, Explainability, Rights",Yes ,"The General Data Protection Regulation (GDPR) of the European Union defines ""automated decision-making"" as decisions made by automated means without any human involvement . AI-generated decisions can fall under the category of automated decision-making if they are made without human intervention and meet the criteria set out in the GDPR"
DP-3,Must an AI system’s training data be disclosed to users?,"There is no global mandate requiring disclosure of training data, but jurisdictions like the EU AI Act and GDPR (if personal data is used) may require transparency around data sources, particularly in high-risk systems.
Regulation: EU AI Act Title III, GDPR Art. 13-15
",Yes ,"There is no global mandate requiring disclosure of training data, but jurisdictions like the EU AI Act and GDPR (if personal data is used) may require transparency around data sources, particularly in high-risk systems."
DP-4,Can biometric data be used in AI systems?,"Yes, but it is considered sensitive personal data under most laws. Use requires explicit consent and strict safeguards, including data minimization and purpose limitation. In Illinois, BIPA imposes additional notice and consent rules.
Regulation: GDPR Art. 9, BIPA (Illinois Biometric Information Privacy Act)
Tags: Biometrics, Consent, Sensitive Data",Yes ,"Yes, but it is considered sensitive personal data under most laws. Use requires explicit consent and strict safeguards, including data minimization and purpose limitation. In Illinois, BIPA imposes additional notice and consent rules."
DP-5,Does using anonymized or pseudonymized data in machine learning pipelines fully exempt us from data subject rights under GDPR Articles 15–22?,"Not entirely. Anonymized data—if it cannot be re-identified by any means reasonably likely to be used—is outside GDPR's scope (Recital 26).
However:

Pseudonymized data is still personal data under GDPR.

If model outputs or inferences can be tied back to individuals, rights of access, objection, and erasure still apply.

Additionally, if you train AI on data with embedded identifiers, you may be subject to automated decision-making restrictions (Art. 22).

Technical and organizational safeguards, plus transparent documentation, are key to defending your data classification.",Yes ,"Pseudonymization is a process where personal data is processed in such a way that it can no longer be attributed to a specific data subject without the use of additional information, which is kept separately . Pseudonymized data is still considered personal data under the GDPR because it can potentially be re-identified . Therefore, the rights of data subjects under Articles 15 to 22 still apply to pseudonymized data"
DP-6,How should we reconcile conflicting data retention requirements between the GDPR and U.S. litigation hold obligations?,"This is a classic tension between data minimization (GDPR Art. 5) and legal hold obligations under U.S. discovery rules (e.g., Federal Rules of Civil Procedure).
To resolve the conflict:

Implement a data retention policy that distinguishes between routine data deletion and exceptional holds.

Document a litigation hold justification (purpose, scope, duration).

Apply data segregation: keep held data in a legally shielded archive while continuing GDPR-compliant deletion for unaffected datasets.

Rely on Art. 6(1)(f) (legitimate interest) as a temporary legal basis, supported by a balancing test and DPIA.

",Yes ,
DP-8,What constitutes “legitimate interest” for profiling under GDPR Recital 47 in the context of AI-based user behavior prediction?,"“Legitimate interest” can be lawful if:

The purpose is clear, such as fraud prevention, marketing optimization, or product improvement.

The profiling is not intrusive, discriminatory, or used to make automated decisions with significant effects (e.g., credit denial).

You’ve conducted a Legitimate Interests Assessment (LIA) showing that interests are not overridden by data subjects’ rights.

Users are informed and can opt out under Art. 21.
When used with machine learning, explainability becomes critical to avoid unlawful opacity and maintain trust.

",,
DP-9,How can a multinational entity implement a single AI system that satisfies both the GDPR's Article 22 prohibition on automated decision-making and U.S. anti-discrimination laws like the FCRA?,"To harmonize compliance:

Avoid solely automated decisions for EU users unless based on explicit consent or authorized by law.

Implement human-in-the-loop review mechanisms with audit trails.

For U.S. compliance (e.g., FCRA), provide adverse action notices, allow data correction, and disclose data sources.

Create a universal explainability module that outlines input factors, outcomes, and human oversight.

Maintain algorithmic fairness documentation, bias testing logs, and vendor accountability in contracts.

",,
DP-10,"Do U.S. state privacy laws (e.g., CPRA, Colorado Privacy Act) require companies to rearchitect their global data governance programs, or can a GDPR-compliant approach serve as a common framework?","A GDPR-based architecture provides a solid foundation—but not full coverage:

CPRA introduces “sensitive personal information” categories, opt-out rights for cross-contextual advertising, and contractual obligations for service providers.

Colorado and Connecticut laws emphasize universal opt-out mechanisms and data protection assessments for high-risk processing.

U.S. laws differ in definitions of “sale”, scope of employee data coverage, and enforcement mechanics (e.g., AG vs. private right of action).
Conclusion: A modular, layered program with jurisdiction-specific policy overlays is often more efficient than a one-size-fits-all GDPR blueprint.",,
DP-11,"What legal liability arises if a vendor's AI model inadvertently ingests personal data in violation of contractual data use limits (e.g., SCCs or a DPA)?","Several layers of liability may arise:

Contractual breach of the DPA or SCCs, potentially triggering indemnification, audit rights, and termination clauses.

Regulatory non-compliance, especially under GDPR Art. 28(3), which mandates strict data processing limits and supervision of subprocessors.

Cross-border risk: If SCCs govern the relationship, such a breach may invalidate data transfer mechanisms, requiring notification to authorities.

Reputational damage and joint controllership risk if oversight is deemed inadequate.
Mitigation strategies include vendor assessments, zero-data exposure architectures, logging/monitoring pipelines, and model gating policies.

",,
DP-12,,,,
DP-13,,,,
DP-14,,,,
DP-15,,,,
DP-16,,,,
DP-17,,,,
DP-18,,,,
DP-19,,,,
DP-20,,,,
